bucket_count,updates,group,operation,runs,median_ms,median_ns_per_update,g2_over_g1
256,500000,G1,add,5,76.869,153.739,3.293
256,500000,G2,add,5,253.098,506.196,3.293
256,500000,G1,mixed,5,78.296,156.593,3.292
256,500000,G2,mixed,5,257.764,515.528,3.292
256,500000,G1,sub,5,77.085,154.171,3.264
256,500000,G2,sub,5,251.641,503.281,3.264
2048,500000,G1,add,5,77.660,155.320,3.232
2048,500000,G2,add,5,251.011,502.023,3.232
2048,500000,G1,mixed,5,77.913,155.826,3.295
2048,500000,G2,mixed,5,256.716,513.432,3.295
2048,500000,G1,sub,5,77.109,154.219,3.254
2048,500000,G2,sub,5,250.876,501.753,3.254
8192,500000,G1,add,5,77.696,155.392,3.254
8192,500000,G2,add,5,252.804,505.607,3.254
8192,500000,G1,mixed,5,79.506,159.011,3.267
8192,500000,G2,mixed,5,259.749,519.497,3.267
8192,500000,G1,sub,5,76.968,153.935,3.286
8192,500000,G2,sub,5,252.938,505.876,3.286
32768,500000,G1,add,5,84.321,168.641,2.950
32768,500000,G2,add,5,248.711,497.421,2.950
32768,500000,G1,mixed,5,85.722,171.445,3.025
32768,500000,G2,mixed,5,259.337,518.674,3.025
32768,500000,G1,sub,5,79.282,158.564,3.177
32768,500000,G2,sub,5,251.867,503.735,3.177
