group,threads,N,runs,median_ms,min_ms,max_ms
G1,1,1024,5,6.860,6.801,6.926
G1,1,4096,5,22.543,21.747,22.982
G1,1,16384,5,73.341,71.852,75.205
G1,1,65536,5,250.783,247.394,269.477
G1,20,1024,5,3.155,2.955,3.282
G1,20,4096,5,6.781,5.746,7.263
G1,20,16384,5,14.149,13.741,14.546
G1,20,65536,5,42.381,40.958,45.893
G2,1,1024,5,21.804,21.326,22.179
G2,1,4096,5,69.294,68.686,71.081
G2,1,16384,5,223.970,222.977,226.533
G2,1,65536,5,769.406,769.016,774.372
G2,20,1024,5,6.556,5.731,9.234
G2,20,4096,5,14.356,13.475,15.614
G2,20,16384,5,35.015,34.006,51.506
G2,20,65536,5,110.790,106.940,112.411
