N,stage,time_ms,share_pct
1000,Compute A,3.066000,14.4473
1000,Compute B in G1,2.898000,13.6556
1000,Compute B in G2,5.476000,25.8034
1000,Compute C,5.990000,28.2254
1000,Constraint synthesis,0.250800,1.1818
1000,Finish C,0.001400,0.0066
1000,Inlining LCs,0.019400,0.0914
1000,R1CS → QAP,3.139000,14.7913
1000,Reconciliation gap,0.381400,1.7972
10000,Compute A,9.071000,11.7479
10000,Compute B in G1,9.154000,11.8554
10000,Compute B in G2,22.408000,29.0206
10000,Compute C,22.599000,29.2680
10000,Constraint synthesis,1.712000,2.2172
10000,Finish C,0.002500,0.0032
10000,Inlining LCs,0.019800,0.0256
10000,R1CS → QAP,11.895000,15.4052
10000,Reconciliation gap,0.352700,0.4568
100000,Compute A,52.133000,11.6081
100000,Compute B in G1,51.586000,11.4863
100000,Compute B in G2,138.594000,30.8598
100000,Compute C,120.248000,26.7749
100000,Constraint synthesis,16.643000,3.7058
100000,Finish C,0.001400,0.0003
100000,Inlining LCs,0.023100,0.0051
100000,R1CS → QAP,76.869000,17.1159
100000,Reconciliation gap,-6.989500,-1.5563
1000000,Compute A,478.513000,11.9092
1000000,Compute B in G1,547.475000,13.6256
1000000,Compute B in G2,1284.000000,31.9562
1000000,Compute C,978.854000,24.3617
1000000,Constraint synthesis,160.011000,3.9824
1000000,Finish C,0.002400,0.0001
1000000,Inlining LCs,0.023400,0.0006
1000000,R1CS → QAP,681.383000,16.9583
1000000,Reconciliation gap,-112.261800,-2.7940
