N,threads,run,prove_ms,msm_c_h_ms,msm_c_l_ms,msm_a_ms,msm_b_g1_ms,msm_b_g2_ms,msm_total_ms,setup_ms,witness_ms,prepare_vk_ms
100000,1,1,3003.423,478.411,366.924,361.218,373.316,1176.098,2755.967,4095.609,1.589,0.756
100000,1,2,3002.707,485.498,367.566,373.901,368.825,1157.690,2753.481,4095.609,1.589,0.756
100000,1,3,3012.218,468.186,363.495,379.219,371.143,1182.504,2764.546,4095.609,1.589,0.756
100000,1,4,3009.882,466.911,367.306,372.600,370.055,1170.454,2747.325,4095.609,1.589,0.756
100000,1,5,2979.102,471.998,365.041,365.349,365.843,1159.176,2727.406,4095.609,1.589,0.756
100000,2,1,1539.759,241.923,187.567,187.686,187.478,584.319,1388.973,2053.999,1.533,0.794
100000,2,2,1553.190,240.450,187.351,188.130,188.195,597.096,1401.222,2053.999,1.533,0.794
100000,2,3,1538.877,241.920,187.258,186.445,187.804,585.311,1388.738,2053.999,1.533,0.794
100000,2,4,1534.358,239.781,187.259,187.031,186.821,583.518,1384.410,2053.999,1.533,0.794
100000,2,5,1542.156,242.910,187.773,187.810,188.672,584.125,1391.290,2053.999,1.533,0.794
100000,4,1,895.387,145.001,107.129,106.148,105.460,326.539,790.277,1111.708,1.624,0.880
100000,4,2,891.308,143.416,105.658,106.247,107.219,321.998,784.538,1111.708,1.624,0.880
100000,4,3,898.577,131.606,124.346,104.749,107.072,326.453,794.226,1111.708,1.624,0.880
100000,4,4,897.153,146.020,109.352,105.779,104.599,326.369,792.120,1111.708,1.624,0.880
100000,4,5,894.274,137.167,107.221,106.233,106.071,332.605,789.297,1111.708,1.624,0.880
100000,8,1,610.702,90.727,72.502,67.112,68.247,220.209,518.797,612.951,1.537,0.761
100000,8,2,612.993,88.415,73.559,76.009,66.930,218.715,523.628,612.951,1.537,0.761
100000,8,3,581.923,84.723,66.095,66.455,77.375,200.469,495.116,612.951,1.537,0.761
100000,8,4,600.549,86.671,69.979,74.400,68.843,214.168,514.062,612.951,1.537,0.761
100000,8,5,577.874,89.111,66.746,67.879,68.322,198.538,490.595,612.951,1.537,0.761
100000,8,6,586.818,91.924,68.112,73.851,66.336,200.965,501.188,612.951,1.537,0.761
100000,8,7,629.152,86.037,77.031,69.753,94.373,217.394,544.588,612.951,1.537,0.761
100000,8,8,601.871,86.003,83.601,68.035,67.949,208.378,513.966,612.951,1.537,0.761
100000,8,9,590.542,86.574,66.539,74.424,66.231,212.813,506.581,612.951,1.537,0.761
100000,8,10,595.553,89.337,72.345,68.687,73.711,203.662,507.741,612.951,1.537,0.761
100000,12,1,613.951,89.360,65.638,76.749,75.253,216.477,523.477,545.949,1.612,0.970
100000,12,2,637.642,112.934,66.388,70.049,69.877,226.677,545.924,545.949,1.612,0.970
100000,12,3,721.772,101.135,82.516,82.947,84.521,216.793,567.911,545.949,1.612,0.970
100000,12,4,731.545,103.343,84.382,83.548,87.821,231.026,590.119,545.949,1.612,0.970
100000,12,5,650.599,100.517,69.486,77.266,68.314,199.600,515.182,545.949,1.612,0.970
100000,12,6,571.061,90.809,65.692,66.865,69.010,188.213,480.589,545.949,1.612,0.970
100000,12,7,594.280,78.321,72.353,69.601,77.853,209.837,507.965,545.949,1.612,0.970
100000,12,8,579.294,85.032,65.351,68.832,64.117,199.674,483.006,545.949,1.612,0.970
100000,12,9,589.798,79.801,64.367,70.419,78.753,211.252,504.592,545.949,1.612,0.970
100000,12,10,582.689,84.246,70.948,68.394,68.275,203.912,495.774,545.949,1.612,0.970
100000,16,1,533.406,79.027,60.780,63.211,63.966,177.941,444.926,488.025,1.706,0.915
100000,16,2,542.255,79.221,68.660,67.369,64.506,176.615,456.370,488.025,1.706,0.915
100000,16,3,541.314,83.640,63.565,67.347,66.426,173.318,454.296,488.025,1.706,0.915
100000,16,4,549.907,81.522,68.765,63.010,70.894,179.893,464.083,488.025,1.706,0.915
100000,16,5,530.617,79.434,62.191,62.142,60.720,177.212,441.698,488.025,1.706,0.915
100000,16,6,533.731,80.726,72.110,63.217,64.076,165.106,445.234,488.025,1.706,0.915
100000,16,7,522.740,75.895,59.256,65.936,61.057,176.837,438.981,488.025,1.706,0.915
100000,16,8,520.072,74.448,59.005,68.207,60.161,172.935,434.756,488.025,1.706,0.915
100000,16,9,518.705,76.065,61.215,61.147,59.847,177.252,435.526,488.025,1.706,0.915
100000,16,10,535.349,79.446,66.573,63.293,61.813,178.962,450.087,488.025,1.706,0.915
100000,20,1,512.476,73.433,61.865,61.270,61.381,163.682,421.630,477.799,1.517,0.823
100000,20,2,501.156,76.034,60.630,62.225,59.620,155.543,414.052,477.799,1.517,0.823
100000,20,3,507.047,77.176,62.930,63.683,58.958,159.008,421.753,477.799,1.517,0.823
100000,20,4,489.404,73.739,57.642,58.993,58.313,154.281,402.968,477.799,1.517,0.823
100000,20,5,490.753,75.459,55.746,57.203,56.733,157.954,403.096,477.799,1.517,0.823
