N,domain_size,threads,run,forward_ms,inverse_ms
1024,1024,20,1,0.439,0.815
1024,1024,20,2,0.404,0.528
1024,1024,20,3,0.302,0.368
1024,1024,20,4,0.286,0.402
1024,1024,20,5,0.306,0.455

4096,4096,20,1,0.761,0.812
4096,4096,20,2,0.649,0.744
4096,4096,20,3,0.855,0.843
4096,4096,20,4,0.670,0.823
4096,4096,20,5,0.845,1.055

16384,16384,20,1,1.712,1.252
16384,16384,20,2,1.214,1.335
16384,16384,20,3,1.031,1.375
16384,16384,20,4,1.046,1.179
16384,16384,20,5,1.171,1.231

65536,65536,20,1,3.041,3.195
65536,65536,20,2,2.775,2.959
65536,65536,20,3,2.666,3.083
65536,65536,20,4,2.817,2.812
65536,65536,20,5,2.790,3.226


1024,1024,1,1,0.142,0.151
1024,1024,1,2,0.133,0.156
1024,1024,1,3,0.144,0.156
1024,1024,1,4,0.134,0.150
1024,1024,1,5,0.138,0.147

4096,4096,1,1,0.648,0.688
4096,4096,1,2,0.700,0.789
4096,4096,1,3,0.789,0.718
4096,4096,1,4,0.712,0.703
4096,4096,1,5,0.647,0.689

16384,16384,1,1,2.852,2.981
16384,16384,1,2,2.793,3.008
16384,16384,1,3,2.798,2.932
16384,16384,1,4,2.714,2.872
16384,16384,1,5,2.950,2.921

65536,65536,1,1,11.678,12.810
65536,65536,1,2,12.282,12.955
65536,65536,1,3,11.801,13.013
65536,65536,1,4,11.872,12.882
65536,65536,1,5,12.143,13.179
