session_id,bucket_count,updates,group,operation,run,total_ms,ns_per_update
1791188476560,8192,500000,G1,add,1,76.255,152.510
1791188476560,8192,500000,G2,add,1,248.881,497.761
1791188476560,8192,500000,G1,sub,1,77.906,155.813
1791188476560,8192,500000,G2,sub,1,250.396,500.793
1791188476560,8192,500000,G1,mixed,1,80.136,160.272
1791188476560,8192,500000,G2,mixed,1,253.815,507.630
1791188476560,8192,500000,G1,add,2,78.163,156.326
1791188476560,8192,500000,G2,add,2,250.599,501.199
1791188476560,8192,500000,G1,sub,2,78.339,156.678
1791188476560,8192,500000,G2,sub,2,251.674,503.349
1791188476560,8192,500000,G1,mixed,2,78.419,156.838
1791188476560,8192,500000,G2,mixed,2,254.696,509.393
1791188476560,8192,500000,G1,add,3,88.357,176.714
1791188476560,8192,500000,G2,add,3,251.577,503.154
1791188476560,8192,500000,G1,sub,3,77.182,154.363
1791188476560,8192,500000,G2,sub,3,258.316,516.631
1791188476560,8192,500000,G1,mixed,3,79.813,159.627
1791188476560,8192,500000,G2,mixed,3,262.030,524.059
1791188476560,8192,500000,G1,add,4,81.650,163.300
1791188476560,8192,500000,G2,add,4,251.799,503.598
1791188476560,8192,500000,G1,sub,4,76.349,152.697
1791188476560,8192,500000,G2,sub,4,259.493,518.986
1791188476560,8192,500000,G1,mixed,4,83.539,167.077
1791188476560,8192,500000,G2,mixed,4,264.741,529.482
1791188476560,8192,500000,G1,add,5,79.369,158.738
1791188476560,8192,500000,G2,add,5,252.473,504.946
1791188476560,8192,500000,G1,sub,5,77.260,154.521
1791188476560,8192,500000,G2,sub,5,257.334,514.669
1791188476560,8192,500000,G1,mixed,5,79.452,158.904
1791188476560,8192,500000,G2,mixed,5,261.712,523.424
1791188476560,8192,500000,G1,add,6,79.442,158.884
1791188476560,8192,500000,G2,add,6,252.139,504.278
1791188476560,8192,500000,G1,sub,6,76.668,153.336
1791188476560,8192,500000,G2,sub,6,256.302,512.603
1791188476560,8192,500000,G1,mixed,6,80.283,160.566
1791188476560,8192,500000,G2,mixed,6,262.370,524.740
1791188476560,8192,500000,G1,add,7,80.070,160.139
1791188476560,8192,500000,G2,add,7,249.759,499.518
1791188476560,8192,500000,G1,sub,7,76.069,152.138
1791188476560,8192,500000,G2,sub,7,258.999,517.998
1791188476560,8192,500000,G1,mixed,7,79.599,159.198
1791188476560,8192,500000,G2,mixed,7,260.449,520.898
1791189505841,256,500000,G1,add,1,75.926,151.852
1791189505841,256,500000,G2,add,1,251.719,503.439
1791189505841,256,500000,G1,sub,1,78.635,157.269
1791189505841,256,500000,G2,sub,1,251.790,503.579
1791189505841,256,500000,G1,mixed,1,78.151,156.303
1791189505841,256,500000,G2,mixed,1,257.581,515.162
1791189505841,256,500000,G1,add,2,78.683,157.366
1791189505841,256,500000,G2,add,2,250.887,501.773
1791189505841,256,500000,G1,sub,2,76.908,153.815
1791189505841,256,500000,G2,sub,2,252.249,504.497
1791189505841,256,500000,G1,mixed,2,78.649,157.298
1791189505841,256,500000,G2,mixed,2,257.667,515.334
1791189505841,256,500000,G1,add,3,78.846,157.691
1791189505841,256,500000,G2,add,3,254.353,508.706
1791189505841,256,500000,G1,sub,3,77.085,154.171
1791189505841,256,500000,G2,sub,3,251.653,503.306
1791189505841,256,500000,G1,mixed,3,78.073,156.146
1791189505841,256,500000,G2,mixed,3,256.807,513.614
1791189505841,256,500000,G1,add,4,76.771,153.543
1791189505841,256,500000,G2,add,4,251.508,503.016
1791189505841,256,500000,G1,sub,4,77.099,154.197
1791189505841,256,500000,G2,sub,4,251.683,503.365
1791189505841,256,500000,G1,mixed,4,78.178,156.356
1791189505841,256,500000,G2,mixed,4,257.094,514.187
1791189505841,256,500000,G1,add,5,77.706,155.411
1791189505841,256,500000,G2,add,5,252.899,505.797
1791189505841,256,500000,G1,sub,5,77.036,154.072
1791189505841,256,500000,G2,sub,5,250.645,501.290
1791189505841,256,500000,G1,mixed,5,79.728,159.456
1791189505841,256,500000,G2,mixed,5,257.764,515.528
1791189505841,256,500000,G1,add,6,76.772,153.545
1791189505841,256,500000,G2,add,6,254.364,508.728
1791189505841,256,500000,G1,sub,6,76.939,153.878
1791189505841,256,500000,G2,sub,6,250.391,500.783
1791189505841,256,500000,G1,mixed,6,79.951,159.903
1791189505841,256,500000,G2,mixed,6,259.797,519.594
1791189505841,256,500000,G1,add,7,76.869,153.739
1791189505841,256,500000,G2,add,7,253.098,506.196
1791189505841,256,500000,G1,sub,7,77.621,155.243
1791189505841,256,500000,G2,sub,7,251.641,503.281
1791189505841,256,500000,G1,mixed,7,78.296,156.593
1791189505841,256,500000,G2,mixed,7,258.146,516.291
1791189615258,2048,500000,G1,add,1,76.197,152.395
1791189615258,2048,500000,G2,add,1,250.109,500.218
1791189615258,2048,500000,G1,sub,1,77.520,155.040
1791189615258,2048,500000,G2,sub,1,249.943,499.885
1791189615258,2048,500000,G1,mixed,1,79.259,158.518
1791189615258,2048,500000,G2,mixed,1,256.700,513.400
1791189615258,2048,500000,G1,add,2,78.522,157.044
1791189615258,2048,500000,G2,add,2,252.900,505.800
1791189615258,2048,500000,G1,sub,2,77.483,154.966
1791189615258,2048,500000,G2,sub,2,249.707,499.414
1791189615258,2048,500000,G1,mixed,2,77.626,155.252
1791189615258,2048,500000,G2,mixed,2,259.255,518.509
1791189615258,2048,500000,G1,add,3,77.120,154.240
1791189615258,2048,500000,G2,add,3,251.011,502.023
1791189615258,2048,500000,G1,sub,3,77.109,154.219
1791189615258,2048,500000,G2,sub,3,250.876,501.753
1791189615258,2048,500000,G1,mixed,3,78.157,156.315
1791189615258,2048,500000,G2,mixed,3,258.846,517.692
1791189615258,2048,500000,G1,add,4,79.007,158.014
1791189615258,2048,500000,G2,add,4,252.118,504.235
1791189615258,2048,500000,G1,sub,4,76.338,152.677
1791189615258,2048,500000,G2,sub,4,249.475,498.949
1791189615258,2048,500000,G1,mixed,4,77.913,155.826
1791189615258,2048,500000,G2,mixed,4,255.827,511.655
1791189615258,2048,500000,G1,add,5,77.660,155.320
1791189615258,2048,500000,G2,add,5,250.532,501.065
1791189615258,2048,500000,G1,sub,5,77.373,154.745
1791189615258,2048,500000,G2,sub,5,251.601,503.203
1791189615258,2048,500000,G1,mixed,5,78.867,157.735
1791189615258,2048,500000,G2,mixed,5,256.954,513.908
1791189615258,2048,500000,G1,add,6,77.490,154.979
1791189615258,2048,500000,G2,add,6,251.236,502.471
1791189615258,2048,500000,G1,sub,6,77.828,155.655
1791189615258,2048,500000,G2,sub,6,255.499,510.999
1791189615258,2048,500000,G1,mixed,6,77.820,155.640
1791189615258,2048,500000,G2,mixed,6,256.716,513.432
1791189615258,2048,500000,G1,add,7,78.729,157.458
1791189615258,2048,500000,G2,add,7,249.996,499.991
1791189615258,2048,500000,G1,sub,7,75.746,151.492
1791189615258,2048,500000,G2,sub,7,250.140,500.280
1791189615258,2048,500000,G1,mixed,7,77.692,155.385
1791189615258,2048,500000,G2,mixed,7,256.215,512.431
1791189760042,8192,500000,G1,add,1,77.904,155.808
1791189760042,8192,500000,G2,add,1,259.066,518.133
1791189760042,8192,500000,G1,sub,1,77.933,155.865
1791189760042,8192,500000,G2,sub,1,259.014,518.028
1791189760042,8192,500000,G1,mixed,1,83.058,166.115
1791189760042,8192,500000,G2,mixed,1,261.334,522.669
1791189760042,8192,500000,G1,add,2,81.885,163.769
1791189760042,8192,500000,G2,add,2,255.263,510.526
1791189760042,8192,500000,G1,sub,2,76.460,152.921
1791189760042,8192,500000,G2,sub,2,254.242,508.484
1791189760042,8192,500000,G1,mixed,2,80.139,160.279
1791189760042,8192,500000,G2,mixed,2,261.806,523.613
1791189760042,8192,500000,G1,add,3,77.811,155.622
1791189760042,8192,500000,G2,add,3,252.804,505.607
1791189760042,8192,500000,G1,sub,3,77.024,154.048
1791189760042,8192,500000,G2,sub,3,252.314,504.629
1791189760042,8192,500000,G1,mixed,3,79.506,159.011
1791189760042,8192,500000,G2,mixed,3,258.450,516.899
1791189760042,8192,500000,G1,add,4,77.301,154.602
1791189760042,8192,500000,G2,add,4,253.535,507.070
1791189760042,8192,500000,G1,sub,4,75.532,151.065
1791189760042,8192,500000,G2,sub,4,251.808,503.617
1791189760042,8192,500000,G1,mixed,4,77.234,154.469
1791189760042,8192,500000,G2,mixed,4,258.574,517.147
1791189760042,8192,500000,G1,add,5,76.982,153.964
1791189760042,8192,500000,G2,add,5,252.313,504.625
1791189760042,8192,500000,G1,sub,5,75.339,150.678
1791189760042,8192,500000,G2,sub,5,252.938,505.876
1791189760042,8192,500000,G1,mixed,5,77.649,155.299
1791189760042,8192,500000,G2,mixed,5,259.749,519.497
1791189760042,8192,500000,G1,add,6,77.696,155.392
1791189760042,8192,500000,G2,add,6,252.092,504.185
1791189760042,8192,500000,G1,sub,6,76.968,153.935
1791189760042,8192,500000,G2,sub,6,303.241,606.483
1791189760042,8192,500000,G1,mixed,6,83.293,166.586
1791189760042,8192,500000,G2,mixed,6,266.230,532.460
1791189760042,8192,500000,G1,add,7,83.288,166.576
1791189760042,8192,500000,G2,add,7,260.213,520.425
1791189760042,8192,500000,G1,sub,7,80.179,160.358
1791189760042,8192,500000,G2,sub,7,265.394,530.788
1791189760042,8192,500000,G1,mixed,7,81.573,163.146
1791189760042,8192,500000,G2,mixed,7,265.202,530.405
1791189886000,32768,500000,G1,add,1,76.674,153.347
1791189886000,32768,500000,G2,add,1,242.908,485.817
1791189886000,32768,500000,G1,sub,1,75.797,151.595
1791189886000,32768,500000,G2,sub,1,239.938,479.875
1791189886000,32768,500000,G1,mixed,1,78.322,156.644
1791189886000,32768,500000,G2,mixed,1,248.904,497.809
1791189886000,32768,500000,G1,add,2,81.332,162.664
1791189886000,32768,500000,G2,add,2,241.972,483.944
1791189886000,32768,500000,G1,sub,2,75.528,151.055
1791189886000,32768,500000,G2,sub,2,241.589,483.177
1791189886000,32768,500000,G1,mixed,2,79.722,159.444
1791189886000,32768,500000,G2,mixed,2,253.358,506.717
1791189886000,32768,500000,G1,add,3,85.749,171.499
1791189886000,32768,500000,G2,add,3,245.010,490.020
1791189886000,32768,500000,G1,sub,3,76.937,153.874
1791189886000,32768,500000,G2,sub,3,246.375,492.751
1791189886000,32768,500000,G1,mixed,3,92.029,184.057
1791189886000,32768,500000,G2,mixed,3,257.970,515.939
1791189886000,32768,500000,G1,add,4,84.321,168.641
1791189886000,32768,500000,G2,add,4,258.822,517.644
1791189886000,32768,500000,G1,sub,4,87.212,174.424
1791189886000,32768,500000,G2,sub,4,251.867,503.735
1791189886000,32768,500000,G1,mixed,4,81.178,162.356
1791189886000,32768,500000,G2,mixed,4,259.337,518.674
1791189886000,32768,500000,G1,add,5,80.921,161.841
1791189886000,32768,500000,G2,add,5,289.433,578.865
1791189886000,32768,500000,G1,sub,5,97.816,195.631
1791189886000,32768,500000,G2,sub,5,338.811,677.622
1791189886000,32768,500000,G1,mixed,5,125.844,251.688
1791189886000,32768,500000,G2,mixed,5,286.066,572.132
1791189886000,32768,500000,G1,add,6,89.101,178.203
1791189886000,32768,500000,G2,add,6,247.941,495.882
1791189886000,32768,500000,G1,sub,6,79.282,158.564
1791189886000,32768,500000,G2,sub,6,264.459,528.918
1791189886000,32768,500000,G1,mixed,6,85.722,171.445
1791189886000,32768,500000,G2,mixed,6,295.872,591.745
1791189886000,32768,500000,G1,add,7,81.603,163.206
1791189886000,32768,500000,G2,add,7,248.711,497.421
1791189886000,32768,500000,G1,sub,7,76.653,153.306
1791189886000,32768,500000,G2,sub,7,245.161,490.322
1791189886000,32768,500000,G1,mixed,7,79.985,159.970
1791189886000,32768,500000,G2,mixed,7,252.383,504.766
