timestamp_ms,threads,group,N,time_ms
1791079897667,default,G1,1024,4.097
1791079988634,20,G1,1024,3.282
1791079992180,20,G1,1024,3.155
1791079993649,20,G1,1024,3.243
1791080607592,20,G1,1024,3.040
1791080607758,20,G1,1024,2.955
1791080158360,20,G1,4096,6.781
1791080158561,20,G1,4096,5.746
1791080158766,20,G1,4096,7.036
1791080158975,20,G1,4096,7.263
1791080159191,20,G1,4096,6.283
1791080338953,20,G1,16384,13.741
1791080339287,20,G1,16384,14.149
1791080339616,20,G1,16384,14.413
1791080339949,20,G1,16384,14.546
1791080340290,20,G1,16384,13.942
1791080437972,20,G1,65536,40.958
1791080438815,20,G1,65536,45.893
1791080439656,20,G1,65536,43.122
1791080440491,20,G1,65536,41.816
1791080441324,20,G1,65536,42.381
1791080672673,1,G1,1024,6.801
1791080672853,1,G1,1024,6.909
1791080673033,1,G1,1024,6.860
1791080673209,1,G1,1024,6.926
1791080673387,1,G1,1024,6.851
1791081030479,1,G1,4096,22.881
1791081030718,1,G1,4096,22.543
1791081030953,1,G1,4096,21.747
1791081031213,1,G1,4096,22.124
1791081031476,1,G1,4096,22.982
1791081093270,1,G1,16384,75.205
1791081093728,1,G1,16384,73.656
1791081094186,1,G1,16384,73.341
1791081094632,1,G1,16384,72.863
1791081095093,1,G1,16384,71.852
1791081179613,1,G1,65536,247.769
1791081180855,1,G1,65536,247.394
1791081182122,1,G1,65536,269.477
1791081183416,1,G1,65536,255.073
1791081184685,1,G1,65536,250.783