session_id,threads,group,N,run,time_ms
1791201760320184900,1,g1,1024,1,6.835
1791201760320184900,1,g1,1024,2,7.414
1791201760320184900,1,g1,1024,3,7.108
1791201760320184900,1,g1,1024,4,7.135
1791201760320184900,1,g1,1024,5,6.838
1791201760320184900,1,g1,1024,6,6.988
1791201760320184900,1,g1,1024,7,7.241
1791201806535824100,1,g1,4096,1,22.225
1791201806535824100,1,g1,4096,2,22.312
1791201806535824100,1,g1,4096,3,21.942
1791201806535824100,1,g1,4096,4,22.358
1791201806535824100,1,g1,4096,5,22.051
1791201806535824100,1,g1,4096,6,21.882
1791201806535824100,1,g1,4096,7,22.093
1791201862284417000,1,g1,16384,1,75.738
1791201862284417000,1,g1,16384,2,75.446
1791201862284417000,1,g1,16384,3,84.962
1791201862284417000,1,g1,16384,4,80.311
1791201862284417000,1,g1,16384,5,75.397
1791201862284417000,1,g1,16384,6,75.838
1791201862284417000,1,g1,16384,7,76.592
1791201889914749800,1,g1,65536,1,258.782
1791201889914749800,1,g1,65536,2,256.615
1791201889914749800,1,g1,65536,3,268.361
1791201889914749800,1,g1,65536,4,256.767
1791201889914749800,1,g1,65536,5,262.892
1791201889914749800,1,g1,65536,6,263.495
1791201889914749800,1,g1,65536,7,260.487
1791202164820738200,20,g1,1024,1,3.398
1791202164820738200,20,g1,1024,2,3.753
1791202164820738200,20,g1,1024,3,3.563
1791202164820738200,20,g1,1024,4,2.901
1791202164820738200,20,g1,1024,5,2.619
1791202164820738200,20,g1,1024,6,2.811
1791202164820738200,20,g1,1024,7,2.697
1791202215876143000,20,g1,4096,1,6.710
1791202215876143000,20,g1,4096,2,7.449
1791202215876143000,20,g1,4096,3,6.137
1791202215876143000,20,g1,4096,4,6.066
1791202215876143000,20,g1,4096,5,5.979
1791202215876143000,20,g1,4096,6,6.279
1791202215876143000,20,g1,4096,7,5.622
1791202231445871600,20,g1,16384,1,14.659
1791202231445871600,20,g1,16384,2,14.043
1791202231445871600,20,g1,16384,3,14.270
1791202231445871600,20,g1,16384,4,14.115
1791202231445871600,20,g1,16384,5,14.106
1791202231445871600,20,g1,16384,6,13.994
1791202231445871600,20,g1,16384,7,13.614
1791202243361596200,20,g1,65536,1,44.010
1791202243361596200,20,g1,65536,2,43.201
1791202243361596200,20,g1,65536,3,41.856
1791202243361596200,20,g1,65536,4,49.148
1791202243361596200,20,g1,65536,5,49.048
1791202243361596200,20,g1,65536,6,42.557
1791202243361596200,20,g1,65536,7,42.584
