session_id,bucket_count,repeats,total_additions,group,run,total_ms,ns_per_addition
1791188535081,8192,100,1638400,G1,1,357.203,218.019
1791188535081,8192,100,1638400,G2,1,1305.973,797.103
1791188535081,8192,100,1638400,G1,2,358.007,218.510
1791188535081,8192,100,1638400,G2,2,1296.427,791.276
1791188535081,8192,100,1638400,G1,3,361.765,220.804
1791188535081,8192,100,1638400,G2,3,1306.539,797.448
1791188535081,8192,100,1638400,G1,4,361.623,220.717
1791188535081,8192,100,1638400,G2,4,1298.355,792.453
1791188535081,8192,100,1638400,G1,5,357.798,218.382
1791188535081,8192,100,1638400,G2,5,1291.619,788.341
1791188535081,8192,100,1638400,G1,6,359.057,219.151
1791188535081,8192,100,1638400,G2,6,1297.559,791.967
1791188535081,8192,100,1638400,G1,7,357.638,218.285
1791188535081,8192,100,1638400,G2,7,1292.825,789.078
1791189515838,256,100,51200,G1,1,10.256,200.305
1791189515838,256,100,51200,G2,1,39.839,778.102
1791189515838,256,100,51200,G1,2,10.073,196.736
1791189515838,256,100,51200,G2,2,39.996,781.172
1791189515838,256,100,51200,G1,3,9.775,190.924
1791189515838,256,100,51200,G2,3,39.278,767.143
1791189515838,256,100,51200,G1,4,9.942,194.184
1791189515838,256,100,51200,G2,4,39.107,763.803
1791189515838,256,100,51200,G1,5,9.737,190.176
1791189515838,256,100,51200,G2,5,40.632,793.586
1791189515838,256,100,51200,G1,6,9.896,193.287
1791189515838,256,100,51200,G2,6,39.365,768.852
1791189515838,256,100,51200,G1,7,10.006,195.422
1791189515838,256,100,51200,G2,7,39.072,763.131
1791189624781,2048,100,409600,G1,1,98.711,240.994
1791189624781,2048,100,409600,G2,1,328.789,802.707
1791189624781,2048,100,409600,G1,2,89.944,219.590
1791189624781,2048,100,409600,G2,2,324.969,793.381
1791189624781,2048,100,409600,G1,3,89.843,219.342
1791189624781,2048,100,409600,G2,3,320.690,782.934
1791189624781,2048,100,409600,G1,4,89.614,218.785
1791189624781,2048,100,409600,G2,4,322.771,788.014
1791189624781,2048,100,409600,G1,5,89.727,219.060
1791189624781,2048,100,409600,G2,5,321.124,783.995
1791189624781,2048,100,409600,G1,6,89.691,218.972
1791189624781,2048,100,409600,G2,6,321.887,785.856
1791189624781,2048,100,409600,G1,7,89.685,218.958
1791189624781,2048,100,409600,G2,7,322.439,787.204
1791189771017,8192,100,1638400,G1,1,385.430,235.248
1791189771017,8192,100,1638400,G2,1,1353.456,826.084
1791189771017,8192,100,1638400,G1,2,371.846,226.957
1791189771017,8192,100,1638400,G2,2,1351.575,824.936
1791189771017,8192,100,1638400,G1,3,367.474,224.289
1791189771017,8192,100,1638400,G2,3,1341.850,819.000
1791189771017,8192,100,1638400,G1,4,369.741,225.672
1791189771017,8192,100,1638400,G2,4,1382.216,843.638
1791189771017,8192,100,1638400,G1,5,367.203,224.123
1791189771017,8192,100,1638400,G2,5,1338.777,817.125
1791189771017,8192,100,1638400,G1,6,367.263,224.159
1791189771017,8192,100,1638400,G2,6,1313.910,801.947
1791189771017,8192,100,1638400,G1,7,358.567,218.852
1791189771017,8192,100,1638400,G2,7,1307.527,798.051
1791189902579,32768,100,6553600,G1,1,3220.492,491.408
1791189902579,32768,100,6553600,G2,1,9250.855,1411.568
1791189902579,32768,100,6553600,G1,2,3164.177,482.815
1791189902579,32768,100,6553600,G2,2,9255.681,1412.305
1791189902579,32768,100,6553600,G1,3,3134.317,478.259
1791189902579,32768,100,6553600,G2,3,9181.552,1400.994
1791189902579,32768,100,6553600,G1,4,3184.338,485.891
1791189902579,32768,100,6553600,G2,4,9289.027,1417.393
1791189902579,32768,100,6553600,G1,5,3178.138,484.945
1791189902579,32768,100,6553600,G2,5,9208.694,1405.135
1791189902579,32768,100,6553600,G1,6,2443.942,372.916
1791189902579,32768,100,6553600,G2,6,5271.197,804.321
1791189902579,32768,100,6553600,G1,7,1467.813,223.970
1791189902579,32768,100,6553600,G2,7,5376.671,820.415
