N,threads,run,setup_ms,witness_ms,prepare_vk_ms,prove_ms,verify_ms,proof_bytes,msm_c_h_ms,msm_c_l_ms,msm_a_ms,msm_b_g1_ms,msm_b_g2_ms,msm_total_ms
100000,1,1,4095.609,1.589,0.756,3003.423,0.945,128,478.411,366.924,361.218,373.316,1176.098,2755.967
100000,1,2,4095.609,1.589,0.756,3002.707,0.892,128,485.498,367.566,373.901,368.825,1157.690,2753.481
100000,1,3,4095.609,1.589,0.756,3012.218,0.907,128,468.186,363.495,379.219,371.143,1182.504,2764.546
100000,1,4,4095.609,1.589,0.756,3009.882,0.955,128,466.911,367.306,372.600,370.055,1170.454,2747.325
100000,1,5,4095.609,1.589,0.756,2979.102,0.997,128,471.998,365.041,365.349,365.843,1159.176,2727.406
100000,20,1,477.799,1.517,0.823,512.476,0.847,128,73.433,61.865,61.270,61.381,163.682,421.630
100000,20,2,477.799,1.517,0.823,501.156,0.964,128,76.034,60.630,62.225,59.620,155.543,414.052
100000,20,3,477.799,1.517,0.823,507.047,0.873,128,77.176,62.930,63.683,58.958,159.008,421.753
100000,20,4,477.799,1.517,0.823,489.404,0.893,128,73.739,57.642,58.993,58.313,154.281,402.968
100000,20,5,477.799,1.517,0.823,490.753,0.969,128,75.459,55.746,57.203,56.733,157.954,403.096
100000,2,1,2053.999,1.533,0.794,1539.759,0.909,128,241.923,187.567,187.686,187.478,584.319,1388.973
100000,2,2,2053.999,1.533,0.794,1553.190,0.896,128,240.450,187.351,188.130,188.195,597.096,1401.222
100000,2,3,2053.999,1.533,0.794,1538.877,0.981,128,241.920,187.258,186.445,187.804,585.311,1388.738
100000,2,4,2053.999,1.533,0.794,1534.358,0.856,128,239.781,187.259,187.031,186.821,583.518,1384.410
100000,2,5,2053.999,1.533,0.794,1542.156,0.851,128,242.910,187.773,187.810,188.672,584.125,1391.290
100000,4,1,1111.708,1.624,0.880,895.387,0.862,128,145.001,107.129,106.148,105.460,326.539,790.277
100000,4,2,1111.708,1.624,0.880,891.308,0.838,128,143.416,105.658,106.247,107.219,321.998,784.538
100000,4,3,1111.708,1.624,0.880,898.577,0.849,128,131.606,124.346,104.749,107.072,326.453,794.226
100000,4,4,1111.708,1.624,0.880,897.153,0.859,128,146.020,109.352,105.779,104.599,326.369,792.120
100000,4,5,1111.708,1.624,0.880,894.274,0.868,128,137.167,107.221,106.233,106.071,332.605,789.297
100000,8,1,651.270,1.538,0.954,601.626,0.893,128,87.794,80.324,68.001,70.606,206.561,513.287
100000,8,2,651.270,1.538,0.954,601.042,0.885,128,89.019,68.974,67.807,76.360,211.273,513.434
100000,8,3,651.270,1.538,0.954,596.222,0.871,128,85.391,70.242,70.664,67.958,210.135,504.389
100000,8,4,651.270,1.538,0.954,609.963,0.869,128,92.818,68.210,74.167,68.611,216.766,520.572
100000,8,5,651.270,1.538,0.954,612.968,0.868,128,93.941,80.885,67.570,68.616,210.364,521.376
100000,12,1,558.190,1.631,1.015,650.858,0.960,128,95.137,76.074,82.357,75.552,229.459,558.579
100000,12,2,558.190,1.631,1.015,666.334,0.905,128,101.428,85.754,70.047,74.407,246.178,577.815
100000,12,3,558.190,1.631,1.015,684.261,0.921,128,87.929,76.920,92.276,89.231,250.745,597.101
100000,12,4,558.190,1.631,1.015,682.076,0.925,128,101.295,78.038,88.349,79.099,247.130,593.910
100000,12,5,558.190,1.631,1.015,630.197,1.030,128,95.569,70.082,76.439,74.606,224.918,541.614
100000,16,1,564.977,2.285,1.169,600.474,1.239,128,84.842,65.632,78.857,69.791,209.217,508.339
100000,16,2,564.977,2.285,1.169,587.207,1.169,128,86.050,73.856,67.781,68.371,199.275,495.332
100000,16,3,564.977,2.285,1.169,592.434,1.071,128,91.280,66.532,68.776,78.402,198.395,503.385
100000,16,4,564.977,2.285,1.169,594.470,1.161,128,84.560,72.379,72.810,70.931,203.319,504.000
100000,16,5,564.977,2.285,1.169,604.543,1.105,128,89.221,76.279,69.084,78.613,199.860,513.058
100000,8,1,612.951,1.537,0.761,610.702,0.896,128,90.727,72.502,67.112,68.247,220.209,518.797
100000,8,2,612.951,1.537,0.761,612.993,0.911,128,88.415,73.559,76.009,66.930,218.715,523.628
100000,8,3,612.951,1.537,0.761,581.923,0.871,128,84.723,66.095,66.455,77.375,200.469,495.116
100000,8,4,612.951,1.537,0.761,600.549,0.845,128,86.671,69.979,74.400,68.843,214.168,514.062
100000,8,5,612.951,1.537,0.761,577.874,0.856,128,89.111,66.746,67.879,68.322,198.538,490.595
100000,8,6,612.951,1.537,0.761,586.818,0.857,128,91.924,68.112,73.851,66.336,200.965,501.188
100000,8,7,612.951,1.537,0.761,629.152,0.860,128,86.037,77.031,69.753,94.373,217.394,544.588
100000,8,8,612.951,1.537,0.761,601.871,0.873,128,86.003,83.601,68.035,67.949,208.378,513.966
100000,8,9,612.951,1.537,0.761,590.542,0.861,128,86.574,66.539,74.424,66.231,212.813,506.581
100000,8,10,612.951,1.537,0.761,595.553,0.862,128,89.337,72.345,68.687,73.711,203.662,507.741
100000,12,1,545.949,1.612,0.970,613.951,0.840,128,89.360,65.638,76.749,75.253,216.477,523.477
100000,12,2,545.949,1.612,0.970,637.642,1.346,128,112.934,66.388,70.049,69.877,226.677,545.924
100000,12,3,545.949,1.612,0.970,721.772,1.358,128,101.135,82.516,82.947,84.521,216.793,567.911
100000,12,4,545.949,1.612,0.970,731.545,1.352,128,103.343,84.382,83.548,87.821,231.026,590.119
100000,12,5,545.949,1.612,0.970,650.599,0.849,128,100.517,69.486,77.266,68.314,199.600,515.182
100000,12,6,545.949,1.612,0.970,571.061,0.855,128,90.809,65.692,66.865,69.010,188.213,480.589
100000,12,7,545.949,1.612,0.970,594.280,0.837,128,78.321,72.353,69.601,77.853,209.837,507.965
100000,12,8,545.949,1.612,0.970,579.294,0.862,128,85.032,65.351,68.832,64.117,199.674,483.006
100000,12,9,545.949,1.612,0.970,589.798,0.908,128,79.801,64.367,70.419,78.753,211.252,504.592
100000,12,10,545.949,1.612,0.970,582.689,0.874,128,84.246,70.948,68.394,68.275,203.912,495.774
100000,16,1,488.025,1.706,0.915,533.406,0.928,128,79.027,60.780,63.211,63.966,177.941,444.926
100000,16,2,488.025,1.706,0.915,542.255,0.903,128,79.221,68.660,67.369,64.506,176.615,456.370
100000,16,3,488.025,1.706,0.915,541.314,0.873,128,83.640,63.565,67.347,66.426,173.318,454.296
100000,16,4,488.025,1.706,0.915,549.907,0.950,128,81.522,68.765,63.010,70.894,179.893,464.083
100000,16,5,488.025,1.706,0.915,530.617,0.869,128,79.434,62.191,62.142,60.720,177.212,441.698
100000,16,6,488.025,1.706,0.915,533.731,0.918,128,80.726,72.110,63.217,64.076,165.106,445.234
100000,16,7,488.025,1.706,0.915,522.740,0.991,128,75.895,59.256,65.936,61.057,176.837,438.981
100000,16,8,488.025,1.706,0.915,520.072,0.865,128,74.448,59.005,68.207,60.161,172.935,434.756
100000,16,9,488.025,1.706,0.915,518.705,0.867,128,76.065,61.215,61.147,59.847,177.252,435.526
100000,16,10,488.025,1.706,0.915,535.349,0.910,128,79.446,66.573,63.293,61.813,178.962,450.087
100000,8,1,697.122,1.494,0.892,661.384,0.904,128,104.967,87.730,77.605,77.263,215.607,563.170
100000,12,1,541.074,1.511,0.849,608.377,0.877,128,96.508,76.909,74.707,71.349,200.052,519.526
100000,16,1,489.702,1.509,0.899,566.535,0.908,128,86.267,63.774,67.621,75.317,182.914,475.893
100000,16,1,514.303,1.490,0.914,578.689,0.965,128,85.446,71.295,75.244,68.391,189.726,490.102
100000,16,2,514.303,1.490,0.914,579.230,0.905,128,82.948,72.007,71.351,69.214,185.150,480.670
100000,16,3,514.303,1.490,0.914,572.433,0.926,128,89.136,67.145,68.961,69.691,189.705,484.639
100000,16,4,514.303,1.490,0.914,567.510,0.959,128,90.832,67.915,67.333,68.305,185.552,479.937
100000,16,5,514.303,1.490,0.914,577.918,0.898,128,88.785,68.278,73.841,75.653,185.590,492.147
100000,16,1,495.144,1.549,0.835,571.708,1.063,128,91.119,71.148,69.716,66.110,169.815,467.907
100000,16,2,495.144,1.549,0.835,556.533,0.865,128,86.715,65.320,66.048,66.859,183.961,468.903
100000,16,3,495.144,1.549,0.835,562.289,0.926,128,82.770,67.740,71.347,67.784,183.605,473.245
100000,16,4,495.144,1.549,0.835,545.663,0.957,128,84.462,66.367,67.490,65.611,174.476,458.407
100000,16,5,495.144,1.549,0.835,551.834,0.863,128,79.193,64.395,71.754,68.517,180.256,464.116
100000,12,1,546.206,1.569,0.864,572.000,0.920,128,83.701,74.340,75.014,65.391,187.504,485.950
100000,12,2,546.206,1.569,0.864,592.213,0.883,128,91.160,69.750,66.378,70.800,208.423,506.510
100000,12,3,546.206,1.569,0.864,587.716,0.931,128,83.774,68.638,72.133,70.108,207.867,502.521
100000,12,4,546.206,1.569,0.864,586.215,0.905,128,85.514,70.365,69.904,73.946,197.980,497.709
100000,12,5,546.206,1.569,0.864,607.734,0.881,128,83.661,70.679,73.195,85.084,211.278,523.897
100000,16,1,499.562,1.539,0.857,628.613,0.926,128,101.698,79.291,82.109,79.371,200.309,542.778
100000,16,2,499.562,1.539,0.857,617.393,0.993,128,99.762,78.324,77.787,77.823,198.086,531.782
100000,16,3,499.562,1.539,0.857,628.596,0.873,128,92.284,87.652,79.212,76.706,206.235,542.089
100000,16,4,499.562,1.539,0.857,620.483,0.859,128,95.447,81.070,77.766,73.963,204.317,532.563
100000,16,5,499.562,1.539,0.857,637.646,0.891,128,96.804,77.320,83.212,85.612,209.904,552.852
100000,16,1,479.853,1.519,0.965,588.729,0.874,128,93.889,72.428,76.836,73.474,186.733,503.359
100000,16,2,479.853,1.519,0.965,602.663,0.887,128,92.351,75.279,71.648,71.921,203.077,514.276
100000,16,3,479.853,1.519,0.965,610.598,0.875,128,93.263,82.971,80.534,73.029,194.534,524.331
100000,16,4,479.853,1.519,0.965,615.744,0.857,128,93.272,83.088,79.636,77.467,195.852,529.314
100000,16,5,479.853,1.519,0.965,611.853,0.852,128,99.568,74.585,77.434,70.180,201.210,522.977
100000,16,1,488.457,1.535,0.818,610.736,0.879,128,94.515,74.691,71.973,70.272,192.607,504.057
100000,16,2,488.457,1.535,0.818,571.152,0.904,128,89.430,73.486,67.750,68.006,183.833,482.505
100000,16,3,488.457,1.535,0.818,580.241,0.933,128,87.123,74.594,75.277,69.032,188.726,494.751
100000,16,4,488.457,1.535,0.818,589.890,0.953,128,94.101,69.992,72.006,68.549,199.308,503.957
100000,16,5,488.457,1.535,0.818,624.787,1.598,128,95.935,71.360,74.444,75.750,212.701,530.189
100000,16,1,481.343,1.545,0.875,544.158,0.888,128,83.411,69.813,63.006,65.415,172.838,454.483
100000,16,2,481.343,1.545,0.875,570.265,0.891,128,88.312,69.990,72.823,68.941,183.708,483.773
100000,16,3,481.343,1.545,0.875,565.527,0.967,128,90.839,75.144,68.139,67.704,177.362,479.187
100000,16,4,481.343,1.545,0.875,564.674,0.911,128,89.216,68.956,69.934,70.924,179.351,478.379
100000,16,5,481.343,1.545,0.875,561.602,0.868,128,85.632,70.167,73.170,61.779,184.026,474.774
100000,16,1,489.165,1.735,0.875,571.700,0.868,128,84.804,69.358,72.554,67.656,188.256,482.628
100000,16,2,489.165,1.735,0.875,577.187,0.953,128,85.848,71.741,71.322,67.563,197.665,494.138
100000,16,3,489.165,1.735,0.875,578.215,0.923,128,89.077,68.592,76.516,70.035,185.425,489.645
100000,16,4,489.165,1.735,0.875,571.802,0.973,128,88.206,67.810,71.657,71.572,186.238,485.483
100000,16,5,489.165,1.735,0.875,572.856,0.881,128,83.051,67.642,70.671,72.639,190.242,484.244
100000,16,1,482.414,1.518,0.854,657.060,0.891,128,101.642,86.729,84.042,80.385,212.082,564.880
100000,16,2,482.414,1.518,0.854,640.697,0.895,128,96.386,80.552,82.499,85.148,209.365,553.950
100000,16,3,482.414,1.518,0.854,679.366,1.072,128,99.556,98.956,85.339,84.010,223.168,591.028
100000,16,4,482.414,1.518,0.854,648.909,0.900,128,96.279,80.448,78.206,87.369,214.732,557.034
100000,16,5,482.414,1.518,0.854,648.428,0.971,128,96.116,82.292,83.019,82.309,215.295,559.031
100000,16,1,501.784,1.589,0.851,530.809,0.870,128,81.806,63.091,66.823,65.206,163.229,440.155
100000,16,2,501.784,1.589,0.851,558.369,0.920,128,81.558,62.751,67.077,63.136,178.262,452.784
100000,16,3,501.784,1.589,0.851,534.394,0.871,128,82.049,62.978,63.881,66.256,172.058,447.223
100000,16,4,501.784,1.589,0.851,528.499,0.900,128,83.203,62.755,62.527,64.244,166.537,439.265
100000,16,5,501.784,1.589,0.851,552.537,1.055,128,83.140,65.366,63.491,64.678,190.188,466.863
100000,16,1,481.292,1.570,0.865,527.025,0.936,128,81.095,61.884,62.398,63.230,168.711,437.318
100000,16,2,481.292,1.570,0.865,526.893,0.900,128,80.075,62.586,62.757,62.791,171.031,439.241
100000,16,3,481.292,1.570,0.865,541.516,0.960,128,84.811,64.924,64.489,62.683,175.733,452.639
100000,16,4,481.292,1.570,0.865,548.734,0.926,128,78.498,63.070,62.769,62.507,181.148,447.992
100000,16,5,481.292,1.570,0.865,546.562,0.892,128,82.927,68.289,59.798,64.719,181.084,456.816
100000,16,1,483.409,1.572,0.851,546.080,0.866,128,81.249,61.105,71.251,65.400,179.570,458.576
100000,16,2,483.409,1.572,0.851,545.954,0.845,128,80.383,63.980,65.436,64.395,182.839,457.033
100000,16,3,483.409,1.572,0.851,553.634,0.901,128,79.189,67.919,68.501,64.891,185.627,466.128
100000,16,4,483.409,1.572,0.851,538.970,0.906,128,79.083,63.798,61.466,64.704,181.532,450.583
100000,16,5,483.409,1.572,0.851,553.848,0.941,128,78.238,69.275,66.192,66.804,185.793,466.301
1000000,16,1,4068.702,15.951,0.850,4628.621,0.851,128,612.775,582.293,575.937,567.005,1550.012,3888.023
1000000,16,2,4068.702,15.951,0.850,4596.943,0.855,128,580.083,583.085,561.480,562.598,1577.514,3864.760
1000000,16,3,4068.702,15.951,0.850,4864.436,0.869,128,584.125,586.814,581.582,571.372,1677.313,4001.206
1000000,16,4,4068.702,15.951,0.850,5175.931,0.845,128,642.855,627.191,664.508,619.461,1759.148,4313.163
1000000,16,5,4068.702,15.951,0.850,5163.050,0.845,128,637.603,632.054,627.654,633.991,1766.092,4297.395
1000000,16,1,4626.430,28.250,1.212,4292.466,0.944,128,544.419,519.586,527.567,530.218,1432.547,3554.338
1000000,16,2,4626.430,28.250,1.212,4732.748,1.136,128,561.537,599.747,594.683,571.534,1666.707,3994.209
1000000,16,3,4626.430,28.250,1.212,4774.235,0.900,128,626.535,597.050,592.104,610.459,1609.885,4036.034
1000000,16,4,4626.430,28.250,1.212,4863.317,0.914,128,621.388,582.547,578.447,575.707,1637.128,3995.217
1000000,16,5,4626.430,28.250,1.212,4823.757,0.876,128,593.047,568.432,591.941,581.636,1618.372,3953.429
1000000,16,1,3972.328,16.517,0.926,4157.171,0.876,128,514.412,493.490,505.657,502.356,1364.982,3380.898
1000000,16,2,3972.328,16.517,0.926,4459.374,0.971,128,525.684,485.419,485.957,506.425,1580.617,3584.102
1000000,16,3,3972.328,16.517,0.926,4629.912,0.938,128,567.816,553.246,560.646,557.463,1520.336,3759.508
1000000,16,4,3972.328,16.517,0.926,4562.180,0.911,128,578.733,556.570,555.463,558.504,1575.047,3824.318
1000000,16,5,3972.328,16.517,0.926,4452.176,0.981,128,566.449,557.182,531.076,560.221,1496.453,3711.380
1000000,16,1,4368.338,15.419,0.776,3910.575,0.873,128,490.966,477.803,467.130,460.519,1273.654,3170.072
1000000,16,2,4368.338,15.419,0.776,4013.124,0.857,128,479.591,464.735,473.937,457.647,1261.779,3137.690
1000000,16,3,4368.338,15.419,0.776,4052.417,0.851,128,490.922,473.067,469.971,465.217,1281.635,3180.812
1000000,16,4,4368.338,15.419,0.776,4315.637,0.909,128,492.311,474.883,480.367,556.431,1445.463,3449.456
1000000,16,5,4368.338,15.419,0.776,4332.938,0.862,128,542.135,525.096,527.551,541.950,1466.042,3602.773
1000000,16,1,4148.427,16.971,0.920,5527.629,1.354,128,534.719,547.409,835.070,871.124,1952.393,4740.716
1000000,16,2,4148.427,16.971,0.920,4616.009,0.858,128,585.943,487.620,468.787,481.880,1326.141,3350.371
1000000,16,3,4148.427,16.971,0.920,3975.890,0.860,128,499.888,486.393,484.058,472.925,1295.935,3239.199
1000000,16,4,4148.427,16.971,0.920,4142.035,1.009,128,498.855,491.474,469.102,479.743,1461.667,3400.842
1000000,16,5,4148.427,16.971,0.920,4471.081,0.895,128,542.351,514.844,536.538,517.665,1486.223,3597.621
1000000,16,1,3987.120,14.735,0.874,3948.552,0.884,128,493.012,484.882,479.403,464.567,1277.015,3198.878
1000000,16,1,4005.346,15.682,0.919,4087.206,0.991,128,517.725,496.363,497.569,482.229,1337.380,3331.265
1000000,16,1,3987.476,16.356,0.850,4212.922,1.145,128,551.968,510.902,521.805,500.709,1351.325,3436.709
